Company,Contact,Country,Price,Item
Sophisticated Sewing,+80418381830,Djibouti,61860₽,breath
Posh Patterns,+83196001396,Morocco,30995₽,refrigerator
Elegant Ensembles,+85282079910,Colombia,84865₽,death
Fashion Fusion,+55145981004,Slovakia,53875₽,height
Glamour Galore,+7143458282,Morocco,69990₽,data
Trendsetting Tailors,+63242176483,Qatar,88298₽,weakness
Posh Patterns,+6891965972,Guatemala,79233₽,agreement
Clipper Cuts,+64547525796,Andorra,50515₽,dealer
Glamour Galore,+82197286431,Seychelles,77793₽,injury
Makeup Maven,+9157717217,Montenegro,90746₽,cell
Fine Fabrics,+2384412324,Thailand,33752₽,buyer
Glow Getter,+38175142933,Kenya,91817₽,mixture
Haute Hues,+10240001218,Japan,65730₽,classroom
Salon Suites,+41303565253,Libya,39022₽,preparation
Trendy Threads,+65360077241,Indonesia,38759₽,elevator
Beauty Bar,+84417804089,East Timor (Timor-Leste),26105₽,cigarette
Stylish Silhouettes,+53475872900,Samoa,35780₽,development
Classy Collections,+22472665631,Cote d'Ivoire,74710₽,perception
Body Bliss,+38369193700,Namibia,69737₽,library
Trendy Threads,+28684346591,Saint Lucia,90912₽,office
Classy Chic,+3956812782,Laos,93100₽,proposal
Classy Collections,+65202193464,Egypt,92823₽,homework
Classy Chic,+80501898590,Slovakia,24591₽,newspaper
Chic Boutique,+94506132772,Turkey,49148₽,preparation
Sophisticated Sewing,+59200108924,Djibouti,49017₽,tennis
Fashion Forward,+56854847257,Thailand,63110₽,definition
Salon Suites,+42445707501,"Congo, Republic of the",10124₽,dad
Fashion Forward,+84177290600,Mauritius,24717₽,employment
Fashion Fusion,+9449908632,"Congo, Democratic Republic of the",10000₽,proposal
Modish Mannequins,+0835778737,Taiwan,88825₽,elevator
Haute Hues,+4260697647,Benin,18456₽,hat
Chic Boutique,+233128164,Afghanistan,34686₽,perception
Beauty Bar,+7123606216,Tonga,19870₽,basket
Body Bliss,+83856066866,Iran,23842₽,maintenance
Lash Lounge,+15605260986,Trinidad and Tobago,78041₽,addition
Modish Mannequins,+37173719710,Bulgaria,62171₽,distribution
Lash Lounge,+39479765940,Togo,69055₽,dealer
Lash Lounge,+40424897497,Tajikistan,61424₽,data
Trendsetting Tailors,+1853637185,Sao Tome and Principe,43061₽,dad
Modish Mannequins,+35377003952,Uruguay,99783₽,dad
Sleek Styles,+19845380338,Samoa,37236₽,distribution
Sleek Styles,+61183444980,Guyana,18539₽,map
Stylish Silhouettes,+6911170581,Laos,43068₽,family
Elegant Ensembles,+61631283794,Niger,53073₽,enthusiasm
Classy Chic,+52574833621,"Korea, North",31482₽,thanks
Clipper Cuts,+16631768587,Nepal,87732₽,administration
Sleek Styles,+97588351676,United Kingdom,27001₽,buyer
Glamour Galore,+58230692584,Cote d'Ivoire,60155₽,wood
Trendy Threads,+62843818875,Germany,60013₽,maintenance
Fashion Forward,+49330151201,Saint Vincent and the Grenadines,26111₽,dealer
Fine Fabrics,+63672742450,Panama,84880₽,dad
Skin Studio,+47350208053,Finland,65647₽,contribution
Glamour Galore,+77420173399,Malawi,21524₽,assumption
Brow Boosters,+80497312296,Saint Lucia,39782₽,emphasis
Elite Elegance,+78183648018,Laos,57515₽,woman
Lash Lounge,+28339353371,Australia,44408₽,revolution
Dapper Designs,+85690167052,Singapore,53967₽,marriage
Sophisticated Sewing,+32370375844,Spain,36531₽,county
Elegant Ensembles,+20596596869,Sweden,97638₽,love
Dapper Designs,+31546202731,Spain,90482₽,topic
Glow Getter,+24273970604,Sao Tome and Principe,82947₽,sample
Glow Getter,+51347694062,Costa Rica,78001₽,dealer
Body Bliss,+32156837532,Canada,40898₽,awareness
Skin Studio,+32163397688,Uzbekistan,24581₽,height
Makeup Maven,+68535296610,Estonia,25694₽,dealer
Nail Nook,+2066980428,Mauritius,24807₽,cigarette
Classy Collections,+14217653423,Turkmenistan,48046₽,ladder
Stellar Stitches,+53750835313,Malaysia,22252₽,assumption
Salon Suites,+41312487689,Russia,64686₽,employment
Nail Nook,+83859329374,"Congo, Democratic Republic of the",57483₽,entry
Beauty Bar,+12472506133,Nauru,71864₽,maintenance
